SELETIVA 011 – METROPOLITANA 1 – S. ANDRÉ – BATALHA DA PALAVRA DIA 03/10/2026;;;
Batalha do Rudge;São Bernardo do Campo;07/09 – Segunda-Feira;1 VAGA
Batalha da Banka;Mauá;11/09 – Sexta-Feira;2 VAGAS
Batalha da Central de Diadema;Diadema;11/09 – Sexta-Feira;2 VAGAS
Batalha da Palavra;Santo André;12/09 – Sábado;2 VAGAS
Batalha da Área;São Bernardo do Campo;12/09 – Sábado;1 VAGA
Batalha do Pátio;São Bernardo do Campo;13/09 – Domingo;1 VAGA
Batalha da Revolução;Diadema;14/09 – Segunda-Feira;2 VAGAS
Batalha da Matrix;São Bernardo do Campo;15/09 – Terça-Feira;1 VAGA
Batalha da Martinha;Santo André;17/09 – Quinta-Feira;2 VAGAS
Batalha do Barraco;São Bernardo do Campo;19/09 – Sábado;1 VAGA
Batalha do Paço;São Bernardo do Campo;20/09 – Domingo;
SELETIVA 011 – LESTE – BATALHA DO CARRÃO DIA 05/10/2026;;;
Batalha do LD;Mogi das Cruzes;16/09 – Quarta-Feira;1 VAGA
Arena MC;Mogi das Cruzes;11/09 – Sexta-Feira;1 VAGA
Fonte da Rima ZL;Mogi das Cruzes;14/09 – Segunda-Feira;1 VAGA
BATALHA DO BOTUJA;Mogi das Cruzes;08/09 – Terça-Feira;1 VAGA
Batalha do grau;Poá;18/09 – Sexta-Feira;1 VAGA
Batalha do Escadão;Suzano;08/09 – Terça-Feira;1 VAGA
Batalha da Leste;São Paulo;19/09 – Sábado;1 VAGA
Batalha da Zil 2.0;São Paulo;18/09 – Sexta-Feira;1 VAGA
Batalha do Carrão;São Paulo;31/08 – Segunda-Feira;1 VAGA
Batalha da base;São Paulo;16/09 – Quarta-Feira;1 VAGA
Batalha Do Esperança;São Paulo;05/09 – Sábado;1 VAGA
Batalha do Belenzinho;São Paulo;12/09 – Sábado;1 VAGA
Batalha do Fundão;São Paulo;14/09 – Segunda-Feira;1 VAGA
SELETIVA 011 – OESTE – ITAPEVI – BATALHA DA ARENA DIA 09/10/2026;;;
Batalha do Ceasa;São Paulo;19/09 – Sábado;2 VAGAS
Largo da Batalha;São Paulo;09/09 – Quarta-Feira;2 VAGAS
Batalha do Butantã;São Paulo;18/09 – Sexta-Feira;2 VAGAS
Cotia Tem Rap;Cotia;19/09 – Sábado;2 VAGAS
BATALHA DA STAND;Itapevi;12/09 – Sábado;2 VAGAS
Batalha do princípio;Itapevi;19/09 – Sábado;2 VAGAS
Batalha do Largo;São Roque;19/09 – Sábado;2 VAGAS
SELETIVA 011 – METROPOLITANA 2 – GUARULHOS – BATALHA DA LINEAR DIA 18/10/2026;;;
Batalha do Hebron;Guarulhos;04/09 – Sexta-Feira;2 VAGAS
BATALHA DO FUNIL;Guarulhos;10/09 – Quinta-Feira;2 VAGAS
Batalha do Orobó;Guarulhos;11/09 – Sexta-Feira;2 VAGAS
Batalha do IF;São Paulo;11/09 – Sexta-Feira;1 VAGA
Batalha da Se7e;São Paulo – SP;13/09 – Domingo;2 VAGAS
Batalha do Val;Guarulhos;13/09 – Domingo;2 VAGAS
BATALHA DA LINEAR;Guarulhos;15/09 – Terça-Feira;2 VAGAS
Batalha do Cruzeiro;São Paulo;18/09 – Sexta-Feira;2 VAGAS
SELETIVA 011 – SUL – PROJETO MAIS RAP DIA 16/10/2026;;;
Batalha da folha;Itapecerica da Serra;03/09 – Quinta-Feira;2 VAGAS
Batalha da lilás;São Paulo;06/09 – Domingo;2 VAGAS
Projeto Mais Rap;São Paulo – SP;11/09 – Sexta-Feira;2 VAGAS
Batalha do primavera;São Paulo;12/09 – Sábado;2 VAGAS
Batalha do Doroteía – BDD;São Paulo;15/09 – Terça-Feira;2 VAGAS
Cocolis;Embu das Artes;19/09 – Sábado;2 VAGAS
Batalha da Grove;São Paulo;20/09 – Domingo;2 VAGAS
SELETIVA 011 – SUL01 – BATALHA DO ANA ROSA – DIA 22/10/2026;;;
Batalha do Ana Rosa;São Paulo;03/09 – Quinta-Feira;2 VAGAS
Batalha da Chico;São Paulo;06/09 – Domingo;2 VAGAS
Batalha da Vj;São Paulo;07/09 – Segunda-Feira;2 VAGAS
Batalha Do Savério;São Paulo;15/09 – Terça-Feira;1 VAGA
Batalha do Celeste;São Paulo;16/09 – Quarta-Feira;2 VAGAS
Batalha do Kaos;São Paulo;16/09 – Quarta-Feira;2 VAGAS
Batalha do Santa Cruz;São Paulo;19/09 – Sábado;2 VAGAS
BATALHA DO JABAQUARA;São Paulo;20/09 – Domingo;1 VAGA
SELETIVA 011 – METROPOLITANA 3 – JUNDIAÍ – DUELO DU BRONKS DIA 24/10/2026;;;
Batalha do balsan;Jundiaí;08/09 – Terça-Feira;2 VAGAS
Duelo Du Bronks;Jundiaí;11/09 – Sexta-Feira;2 VAGAS
Batalha da 16;São Paulo;11/09 – Sexta-Feira;2 VAGAS
União Freestyle;Cajamar;11/09 – Sexta-Feira;2 VAGAS
Batalha do olimpo;Bragança Paulista;12/09 – Sábado;2 VAGAS
Batalha da X;São Paulo;18/09 – Sexta-Feira;2 VAGAS
Batalha do Boulevard;Caieiras/SP;19/09 – Sábado;2 VAGAS
Batalha do pantera;Itupeva;19/09 – Sábado;2 VAGAS
SELETIVA 011 – NORTE – BATALHA DA NORTE DIA 23/10/2026;;;
Batalha do S;São Paulo;02/09 – Quarta-Feira;2 VAGAS
Batalha da Norte;São Paulo;04/09 – Sexta-Feira;2 VAGAS
Batalha do suco;São Paulo;05/09 – Sábado;2 VAGAS
Batalha da sniff;São Paulo;07/09 – Segunda-Feira;2 VAGAS
Batalha do Senna zn;São Paulo;15/09 – Terça-Feira;2 VAGAS
Batalha Tremembé;São Paulo;19/09 – Sábado;2 VAGAS
Batalha do morro;São Paulo;20/09 – Domingo;2 VAGAS
SELETIVA 012 – JACAREÍ – BATALHA DA REZENDE DIA 26/09/2026;;;
Batalha da Fila;Taubaté;31/08 – Segunda-Feira;1 VAGA
Batalha do Morro;Caraguatatuba;06/09 – Domingo;1 VAGA
Batalha da Bica;Pindamonhangaba;09/09 – Quarta-Feira;1 VAGA
Batalha do Polly;São José dos Campos;09/09 – Quarta-Feira;1 VAGA
Multi-versos 012;Caçapava;10/09 – Quinta-Feira;1 VAGA
Batalha da exque;Paraibuna;11/09 – Sexta-Feira;1 VAGA
Batalha do Pasin;Pindamonhangaba;11/09 – Sexta-Feira;1 VAGA
Batalha DaNort;São José dos Campos;11/09 – Sexta-Feira;1 VAGA
Batalha do Coreto 012;Ubatuba;12/09 – Sábado;1 VAGA
BATALHA DA MONTANHA;Campos do Jordão;15/09 – Terça-Feira;1 VAGA
Batalha da Cantina;Taubaté;16/09 – Quarta-Feira;1 VAGA
Batalha da Rezende;Jacareí;17/09 – Quinta-Feira;1 VAGA
Templo das Rimas;Jacareí;18/09 – Sexta-Feira;1 VAGA
Batalha da Pista 012;Guaratinguetá;19/09 – Sábado;1 VAGA
Batalha do Deck;Caraguatatuba;20/09 – Domingo;1 VAGA
SELETIVA 013 – SANTOS – ARTICULAÇÃO DAS BATALHAS DIA 17/10/2026;;;
Batalha da pista;Praia Grande;02/09 – Quarta-Feira;1 VAGA
Batalha da Matriz Santana;Itanhaém;06/09 – Domingo;1 VAGA
Batalha do Rralf;Bertioga;07/09 – Segunda-Feira;1 VAGA
Batalha do x;Guarujá;07/09 – Segunda-Feira;1 VAGA
Batalha da Conselheiro;Santos;09/09 – Quarta-Feira;1 VAGA
Batalha do Álibi;São Vicente;09/09 – Quarta-Feira;1 VAGA
Batalha da Santa 013;Santos;10/09 – Quinta-Feira;1 VAGA
Batalha do buda;Registro;12/09 – Sábado;1 VAGA
Batalha do Céu;Santos;12/09 – Sábado;1 VAGA
Batalha da ponte pra cá;Peruíbe;15/09 – Terça-Feira;1 VAGA
Batalha da Meia Lua;Santos;15/09 – Terça-Feira;1 VAGA
Batalha do clã;Mongaguá;17/09 – Quinta-Feira;1 VAGA
Batalha da Guerra;Cajati;18/09 – Sexta-Feira;1 VAGA
Batalha Sem Parar;Praia Grande;18/09 – Sexta-Feira;1 VAGA
Batalha do Santa Rosa;Guarujá;20/09 – Domingo;1 VAGA
SELETIVA 015/014 – SOROCABA – BATALHA DO SOM DIA 27/09/2026;;;
Drink park;Ourinhos;04/09 – Sexta-Feira;1 VAGA
Conexão quebrada;Boituva;06/09 – Domingo;1 VAGA
Batalha das Capivaras;Votorantim;08/09 – Terça-Feira;1 VAGA
Batalha da Anchieta;Itapeva;10/09 – Quinta-Feira;1 VAGA
Batalha dos 13;Bauru;11/09 – Sexta-Feira;1 VAGA
Batalha do VTR;Sorocaba;11/09 – Sexta-Feira;1 VAGA
Batalha do conhecimento;Tupã;11/09 – Sexta-Feira;1 VAGA
Terça clandestina;Capão Bonito;12/09 – Sábado;1 VAGA
(BDC) Batalha da Cultura;Piedade;12/09 – Sábado;1 VAGA
Batalha do Bando 014;Botucatu;13/09 – Domingo;1 VAGA
Batalha do som;Sorocaba;14/09 – Segunda-Feira;1 VAGA
Batalha da rua 15;Sorocaba;16/09 – Quarta-Feira;1 VAGA
BATALHA DA VILANIA;Tatuí;16/09 – Quarta-Feira;1 VAGA
Batalha do Senna;Itapetininga;19/09 – Sábado;1 VAGA
Batalha do Bréjão;Taquarituba;19/09 – Sábado;1 VAGA
SELETIVA 016 – RIBEIRÃO PRETO – COALIZÃO 016 DIA 11/10/2026;;;
Batalha da Alcateia;São Carlos;06/09 – Domingo;2 VAGAS
Batalha Nova Era;Ribeirão Preto;09/09 – Quarta-Feira;1 VAGA
Batalha da Ópera;Araraquara;10/09 – Quinta-Feira;1 VAGA
Batalha do Pico;Ribeirão Preto;11/09 – Sexta-Feira;1 VAGA
Batalha do garrafão;Barretos;12/09 – Sábado;2 VAGAS
Batalha H2S;São Carlos;12/09 – Sábado;1 VAGA
Batalha do Braza;Franca;13/09 – Domingo;2 VAGAS
Batalha da S.O;Sales Oliveira;13/09 – Domingo;1 VAGA
COALIZÃO 016;Ribeirão Preto;15/09 – Terça-Feira;1 VAGA
Batalha do Raio;Araraquara;19/09 – Sábado;2 VAGAS
Sangue na Sete;Ribeirão Preto;24/09 – Quinta;1 VAGA
SELETIVA 018/017 – PENÁPOLIS – SEMANA DO HIP HOP DIA 19/09/2026;;;
Batalha do poder;Birigui;31/08 – Segunda-Feira;1 VAGA
Batalha do Táxi;Buritama;01/09 – Terça-Feira;1 VAGA
Terça Flow;Buritama;01/09 – Terça-Feira;1 VAGA
BATALHA DA CAVEIRA;Araçatuba;05/09 – Sábado;1 VAGA
batalha do half;Votuporanga;05/09 – Sábado;1 VAGA
BATALHA DA LP;Presidente Prudente;07/09 – Segunda-Feira;1 VAGA
Batalha dos vagalumes;São José do Rio Preto;08/09 – Terça-Feira;1 VAGA
Batalha do Ceu’s;Penápolis;09/09 – Quarta-Feira;1 VAGA
Batalha Da Môntica;Presidente Prudente;09/09 – Quarta-Feira;1 VAGA
Fruto Proibido;Presidente Prudente;10/09 – Quinta-Feira;1 VAGA
Batalha da P1;Birigui;12/09 – Sábado;1 VAGA
Batalha da Concha;Osvaldo Cruz;12/09 – Sábado;1 VAGA
Freestyle Battles;Assis;13/09 – Domingo;1 VAGA
Batalha das Casinhas (BDC);Bebedouro;13/09 – Domingo;1 VAGA
Batata do Braile;São José do Rio Preto;13/09 – Domingo;1 VAGA
Duelo do estrela;São José do Rio Preto;14/09 – Quarta-Feira;1 VAGA
SELETIVA 019 – CAMPINAS – BATALHA DO CÁLICE DIA 10/10/2026;;;
Batalha do SD;Campinas;02/09 – Quarta-Feira;1 VAGA
Batalha do Cálice;Campinas;04/09 – Sexta-Feira;1 VAGA
Batalha da ultima;Campinas;05/09 – Sábado;1 VAGA
Batalha Da DZ9;Hortolândia;06/09 – Domingo;1 VAGA
Batalha da Norte 019;Piracicaba;06/09 – Domingo;1 VAGA
Batalha da VHD;Vinhedo;06/09 – Domingo;1 VAGA
batalha do coreto;Cosmópolis;08/09 – Terça-Feira;1 VAGA
Batalha Central;Piracicaba;11/09 – Sexta-Feira;1 VAGA
Batalha do parque 019;Rio Claro;13/09 – Domingo;1 VAGA
BATALHA DA GRÉCIA;São José do Rio Pardo;13/09 – Domingo;1 VAGA
Batalha do Bom Retiro;Sumaré;15/09 – Terça-Feira;1 VAGA
batalha da orquídea;Hortolândia;18/09 – Sexta-Feira;1 VAGA
Batalha da Pista;Indaiatuba;19/09 – Sábado;1 VAGA
Batalha da Hípica;Limeira;19/09 – Sábado;1 VAGA
Batalha da SAB;Bragança Paulista;20/09 – Sábado;1 VAGA
